Naziv,Ulica,Okrug,Postanski Kod,Regija,Telefon,Fax,Sajt,Koordinate
/,/,/,0,/,/,/,/,51.270283:7.193968
/,/,/,0,/,02027379277,02027379276,http://www.m-els.de/,51.245527:7.086972
/,/,/,0,/,0202702861,/,http://www.goehring-fenster.de,51.284817:7.219932
/,/,/,0,/,01626870904,/,http://www.dergartenhero.de,51.27585:7.256936
/,/,/,0,/,02027470407,/,/,51.235502:7.083782
/,/,/,0,/,020251989211,/,https://bei-giovanni.eatbu.com/?lang=de,51.237268:7.196929
/,/,/,0,/,02022834742,/,http://hatzfelder-kfzhandel.de,51.295485:7.202144
/,/,/,0,/,020270559216,/,https://www.hypnocoaching-haussmann.de,51.253838:7.134329
/,/,/,0,/,01722762328,/,https://de-de.facebook.com/RussenUmzug/,51.184731:7.269106
/,/,/,0,/,02022442200,02022442201,http://www.stb-thoelen.de/,51.267333:7.189226
/,/,/,0,/,020274771083,/,/,51.271411:7.220345
/,/,/,0,/,0202 7474888,0202 7474885,http://www.stausberg-versicherungen.com,51.228132:7.211779
/,/,/,0,/,0202 7582127,0202 7582908,http://www.hausverwaltung-oflaz.de,51.224392:7.070243
/,/,/,0,/,0202/275060,0202/2750620,http://www.glas-hoening.de,51.261007:7.124092
/,/,/,0,/,020262939528,/,http://www.zahnaerztewuppertal.com,51.259629:7.146017
/,/,/,0,/,02029782709,/,https://www.wolfgang-vollmer-bauelemente.de,51.279854:7.193061
/,/,/,0,/,020226563846,/,http://www.tischler-porde.de,51.276563:7.252731
/,/,/,0,/,017680564562,/,/,51.275468:7.220692
/,/,/,0,/,020269558977,020269558979,/,51.225438:7.151546
/,/,/,0,/,020251564020,0202515640240,https://gross-boelting.de/tobias-buechler/,51.231185:7.078155
/,/,/,0,/,01607275454,/,/,51.264002:7.193944
/,/,/,0,/,0202312616,0202306670,/,51.251451:7.134576
/,/,/,0,/,02022570884,/,/,51.294092:7.238799
/,/,/,0,/,020249666577,020249666577,/,51.258868:7.168414
/,/,/,0,/,02027471020,02027460260,http://www.autoteile-west.de,51.247344:7.097279
/,/,/,0,/,020229577044,/,/,51.268417:7.208653
/,/,/,0,/,0202622052,0202637724,/,51.270391:7.208336
/,/,/,0,/,015733566823,/,/,51.254037:7.164389
/,/,/,0,/,0202 311847,0202 2653545,http://www.sanitaer-guentner.de,51.297101:7.205411
/,/,/,0,/,020274729212,/,/,51.250057:7.108812
/,/,/,0,/,01785277648,/,/,51.279758:7.221995
/,/,/,0,/,017643890000,/,/,51.263925:7.174513
/,/,/,0,/,04915906468138,/,/,51.284767:7.213577
/,/,/,0,/,01632687231,/,/,51.272669:7.195633
/,/,/,0,/,02022812471,/,http://www.vvv-immobilien-ruesseler.de/,51.19647:7.126968
/,/,/,0,/,015253754806,/,/,51.274876:7.216997
/,/,/,0,/,020225311091,/,https://igm-baustahl.de,51.25275:7.154427
/,/,/,0,/,0202/744224,/,/,51.248142:7.080496
/,/,/,0,/,017673980637,/,/,51.28582:7.232807
/,/,/,0,/,020286198,/,http://www.vsrv-hausverwaltung.de,51.268722:7.198147
/,/,/,0,/,015759476060,/,/,51.269046:7.190214
/,/,/,0,/,020275881886,/,/,51.264002:7.193944
/,/,/,0,/,01777725914,/,http://www.mb-lopatka.de,51.288685:7.204039
/,/,/,0,/,01639360330,/,https://www.notdiensthausrichten.de/,51.277917:7.195808
/,/,/,0,/,020274797340,020274797344,/,51.275364:7.257537
/,/,/,0,/,02022818717,02022818718,http://www.deco-pronto.de,51.246604:7.278186
/,/,/,0,/,017641790081,/,/,51.276388:7.258624
/,/,/,0,/,0202 371080,Main,http://www.grenzdoerfer.de/,51.261360:7.124776
/,/,/,0,/,0202/453993,0202/456545,https://www.nette-zaehne.de/,51.257342:7.147453
/,/,/,0,/,0202 76910700,02052 781570,https://www.ra-holzapfel.de/,51.236620:7.085970
/,/,/,0,/,0202 442226,0202 446097,https://www.gemeinschaftspraxis-bergstrasse.de/,51.259720:7.143849
/,/,/,0,/,0157 56126323,/,http://www.psychotherapie-hariskou.de,51.26143:7.17416
/,/,/,0,/,0202 69374194,Main,https://www.peek-cloppenburg.de,51.257790:7.145981
/,/,/,0,/,0202 245750,/,/,51.258753:7.147558
/,/,/,0,/,0202/450395,0202/456772,https://www.gastroenterologie-wuppertal.de/,51.257059:7.153308
/,/,/,0,/,0202 600744,Main,http://www.autogas-nowak.de,51.283440:7.265289
/,/,/,0,/,0202 451433,0202 451408,http://www.augenarzt-wuppertal.de,51.257027:7.144662
/,/,/,0,/,0202 557084,Main,http://www.boehmer-steuerberater.de,51.256510:7.151702
/,/,/,0,/,0202/2741314,0202/2741315,/,51.238522:7.100255
/,/,/,0,/,0202/61275300,0202/61275329,https://www.eundp.net/,51.260490:7.125150
/,/,/,0,/,0202 2543428,Main,/,51.280790:7.215304
/,/,/,0,/,02027866050,02027866050,http://www.wolfgang-haemel.de,51.231580:7.071750
/,/,/,0,/,0202 4297650,0202 4297651,/,51.256776:7.153915
/,/,/,0,/,0202/7580050,0202/7580051,/,51.252070:7.137353
/,/,/,0,/,0202 273550,0202 2735529,https://www.zahnaerzteteam.eu/,51.227790:7.067270
/,/,/,0,/,0202 625071,Main,/,51.271270:7.226571
/,/,/,0,/,0202/450395,0202/456772,https://www.gastroenterologie-wuppertal.de/,51.257070:7.153320
/,/,/,0,/,0202 447171,0202 456526,https://www.kanzlei-frowein.de/,51.258900:7.147256
/,/,/,0,/,0202/45956460,0202/459564632,https://www.hoyenberg.de/,51.256670:7.143960
/,/,/,0,/,0202 28316,Main,/,51.257230:7.150807
/,/,/,0,/,0202 464446,0202 7474623,/,51.216699:7.197092
/,/,/,0,/,0202/621067,0202/622416,http://www.rae-kuepper.de,51.271280:7.215002
/,/,/,0,/,0202 / 259060,0202 / 2590610,http://www.rvwe.de,51.256399:7.143562
/,/,/,0,/,+49 2129 34017,+49 2129 34010,/,51.227214:7.048826
/,/,/,0,/,0202 401629,0202 408926,https://www.restaurantschwarz.de,51.228811:7.134936
/,/,/,0,/,0202/7473545,0202/2570471,https://www.nails-und-trends.de/,51.270769:7.201497
/,/,/,0,/,0202 87069093,0202 87069091,https://noi-restaurant.de/,51.258340:7.149900
/,/,/,0,/,0202 7475960,0202 7475968,https://www.kleintierpraxis-rosengarten.de/,51.234330:7.203195
/,/,/,0,/,0202/625044,0202/620483,http://www.schenk-reisen-wuppertal.de,51.269740:7.226820
/,/,/,0,/,0202302001,0202300402,http://laurentiusplatz.de,51.255676:7.138183
/,/,/,0,/,0202/731933,/,http://www.kurbadamwestring.de,51.226985:7.069724
1 Wattshop.de Hochwertige Led Leuchtmittel und Led Beleuchtung, Inh. Dipl.-Ing. O.gertman,KÖLNER STR. 18,Wuppertal,42119,Nordrhein-Westfalen,0202 29994539,032 121188860,https://www.1wattshop.de/,51.251502:7.143252
3G Transport GmbH,Liegnitzer Str. 17,Wuppertal,42277,Nordrhein-Westfalen,020289013510,/,http://www.3gtransport.de/,51.28102:7.220656
AG Service Team,Dasnöckel 33,Wuppertal,42329,Nordrhein-Westfalen,01629022407,/,/,51.223361:7.081368
AKMn Beratungs- & Vertriebs GmbH,Lise-Meitner-Str. 1 -13,Wuppertal,42119,Nordrhein-Westfalen,020251565312,020251568328,/,51.235985:7.15796
ALESSANDRO NAIL& FEETLOUNGE,Untergrünewalder Str. 5,Wuppertal,42103,Nordrhein-Westfalen,015226144344,/,http://www.nailandfeetlounge.de/,51.25577:7.136421
ALX Haustechnik GmbH,Zum Tal 58,Wuppertal,42349,Nordrhein-Westfalen,020276930290,0202769302999,/,51.202267:7.139277
AMADEUS Musikschule GbR,Friedrich-Ebert-Str. 220,Wuppertal,42117,Nordrhein-Westfalen,02027160145,02027582449,http://www.musikschule-amadeus.de,51.249219:7.119126
APART Hotel Wuppertal,Garterlaie 38,Wuppertal,42327,Nordrhein-Westfalen,0202 2647374,0202 6679105,https://www.aparthotel-wuppertal.de,51.239745:7.098591
Ambulanter Pflege- und Betreuungsdienst Kampermann GmbH,Schraberg 11,Wuppertal,42279,Nordrhein-Westfalen,02022521200,02022521876,http://www.kampermann-pflege.de,51.297369:7.210702
Ambulanter Pflegedienst Adams,Siegfriedstr. 14,Wuppertal,42117,Nordrhein-Westfalen,0202746252,02027460011,https://pflegedienst-adams.de/,51.243602:7.10791
Andreas Wunsch GmbH,Schwesterstraße 45,Wuppertal,42285,Nordrhein-Westfalen,0202 702702,0202 750004Main Fax,http://www.sbk-wunsch.de,51.269670:7.158499
Anhänger-Schlick e.K,Winchenbachstr. 22,Wuppertal,42281,Nordrhein-Westfalen,0202 504080,0202 506055,https://www.anhaenger-schlick.de/,51.281966:7.188617
Arlette Schilde-Stenzel,Adolf-Vorwerk-Str. 124,Wuppertal,42287,Nordrhein-Westfalen,0202 2685859,0202 2685860,http://www.schilde-stenzel.de,51.247096:7.196180
Auto Schaden e.K.,Bahnstr. 150,Wuppertal,42327,Nordrhein-Westfalen,0202783478,0202784910,/,51.243998:7.07086
Autobrilliant & Karosserie-Fachbetrieb Schemann,Vohwinkeler Str. 51 - 53,Wuppertal,42329,Nordrhein-Westfalen,0202 732373,0202 734007,http://www.schemann.net,51.229457:7.065878
Autohaus Wollmar & Becker GmbH,Kleine Str. 1,Wuppertal,42289,Nordrhein-Westfalen,0202626219,0202622691,/,51.270095:7.230603
Azbi Baufertigteilemontagebetrieb,Rödiger Str. 142,Wuppertal,42283,Nordrhein-Westfalen,02024789848,/,http://www.azbi.biz,51.276698:7.183663
BBS Lutz Pooch GmbH,Oberbergische Str. 61,Wuppertal,42285,Nordrhein-Westfalen,0202 2589686,0202 25896870,http://www.bbs-pooch.de/,51.257244:7.177046
Bandweberei Bleckmann GmbH,Schäferstr. 11 - 13,Wuppertal,42277,Nordrhein-Westfalen,0202250530,02022505340,/,51.281717:7.21235
Barmenia Versicherung - Andreas Hens,Langerfelder Str. 133,Wuppertal,42389,/,0202 401515,0202 400141Main Mobile Fax,https://agentur.barmenia.de/andreas_hens?utm_source=listing&utm_medium=organic_seo&utm_campaign=yext&p0=334024&y_source=1_OTgzNzcyNC02MzgtbG9jYXRpb24ud2Vic2l0ZQ%3D%3D,51.274250:7.241209
Barmenia Versicherung - Esther Cramer,Dönberger Str. 70,Wuppertal,42111,/,0202 7472884,Main Mobile,https://agentur.barmenia.de/esther_cramer?utm_source=listing&utm_medium=organic_seo&utm_campaign=yext&p0=334024&y_source=1_OTgzNzcyMi02MzgtbG9jYXRpb24ud2Vic2l0ZQ%3D%3D,51.291800:7.171208
Barmenia Versicherung - Falk Thome,Friedrich-Ebert-Str. 152a,Wuppertal,42117,Nordrhein-Westfalen,0202 7999000,0202 7999555Main Mobile Fax,https://agentur.barmenia.de/falk_thome?utm_source=listing&utm_medium=organic_seo&utm_campaign=yext&p0=334024&y_source=1_OTgzNzcwMi02MzgtbG9jYXRpb24ud2Vic2l0ZQ%3D%3D,51.250400:7.126714
Barmenia Versicherung - Oliver Schaumkessel,Augustastr. 167,Wuppertal,42119,Nordrhein-Westfalen,0160 5501648,Main,https://agentur.barmenia.de/oliver_schaumkessel?utm_source=listing&utm_medium=organic_seo&utm_campaign=yext&p0=334024&y_source=1_OTgzNzQ5My02MzgtbG9jYXRpb24ud2Vic2l0ZQ%3D%3D,51.253110:6.785559
Barmenia Versicherung - Peter Ketter,Friedrich-Ebert-Str. 152 a,Wuppertal,42117,Nordrhein-Westfalen,0202 9783550,0202 4099088Main Mobile Fax,https://agentur.barmenia.de/peter_ketter?utm_source=listing&utm_medium=organic_seo&utm_campaign=yext&p0=334024&y_source=1_OTg3Njc0MS02MzgtbG9jYXRpb24ud2Vic2l0ZQ%3D%3D,51.250640:7.126742
Barmenia Versicherung - Regine Heinrichs,Loher Str. 6,Wuppertal,42283,Nordrhein-Westfalen,0202 2642759,Main Mobile,https://agentur.barmenia.de/regine_heinrichs?utm_source=listing&utm_medium=organic_seo&utm_campaign=yext&p0=334024&y_source=1_OTgzNzcyMS02MzgtbG9jYXRpb24ud2Vic2l0ZQ%3D%3D,51.265250:7.182677
Bau- und Möbelschreinerei Joachim Schäfer,Handelstr. 68,Wuppertal,42277,Nordrhein-Westfalen,02025144215,02025144215,http://schreinerei-joachimschaefer.de,51.284127:7.220444
Bausachverständigenbüro Spilker,Uellendahler Str. 460,Wuppertal,42109,Nordrhein-Westfalen,020269757575,020269757576,http://www.spilker-bs.de,51.280172:7.168886
BelaMed Medizin- & Datentechnik GmbH,Hauptstr. 60,Wuppertal,42349,Nordrhein-Westfalen,02022989709,0202470409,/,51.207757:7.135146
Benninghoven-Rodig, Belkner & Freytag,Lüttringhauser Str. 23,Wuppertal,42369,Nordrhein-Westfalen,0202/9788520,0202/9788521,http://www.kanzlei-belkner.de,51.226510:7.200783
Beratung - Supervision - Mediation Anne Kionka,Kirchstr. 1,Wuppertal,42103,Nordrhein-Westfalen,0202 72565702,/,http://www.kionka-wuppertal.de,51.256723:7.147139
Bergische Nachhilfeschule,Lise-Meitner-Straße 5-9 / Haus 1,Wuppertal,42119,Nordrhein-Westfalen,0202 26158771,0202 26158779,https://bergische-nachhilfeschule.de/,51.236343:7.158684
Bergisches Immobilien Kontor GmbH,Lüntenbeck 1,Wuppertal,42327,Nordrhein-Westfalen,02026952324,02026952327,/,51.250955:7.083691
Bernhard Werner GmbH,Industriestraße 38,Wuppertal,42327,Nordrhein-Westfalen,0202 712116,0202 7160528Main Fax,http://www.werner-gmbh.de,51.246670:7.090688
Besser Lernen Institut für ganzheitlich integrative Nachhilfe und Lerntherapie,Calvinstr. 13,Wuppertal,42103,Nordrhein-Westfalen,020270554313,/,http://www.besser-lernen-wuppertal.de,51.256262:7.147584
Bestattungen Winkel,Nächstebrecker Berg 8,Wuppertal,42279,/,020226232070,/,http://www.bestattungen-winkel.com/,51.297425:7.229945
Björn Wagner Music und Entertainment,Am Bredtchen 9,Wuppertal,42109,Nordrhein-Westfalen,02029805200,/,http://www.alleinunterhalter-bjoern.de/webseiten/inhaltsseiten/index.htm,51.27646:7.130806
Blickpunkt Pflege,Nevigeser Str. 340,Wuppertal,42113,Nordrhein-Westfalen,0202 2548068,089 244349094,http://www.blickpunkt-pflege.de,51.280866:7.123001
Bretin Dan Dr. Zahnarzt,WESTSTR. 97,Wuppertal,42119,Nordrhein-Westfalen,0202/422966,0202/433607,http://bretin-zahnarzt.de,51.250403:7.144291
Buschschulte Feuerung-Solar,Im Lehmbruch 1,Wuppertal,42109,Nordrhein-Westfalen,02027092353,02027092352,http://www.buschschulte-shk.de,51.271535:7.130898
Bäder Presser,Wichlinghauser Str. 43 A,Wuppertal,42277,Nordrhein-Westfalen,02022623523,02022623524,https://www.baeder-presser.de,51.278101:7.218359
C. W. Hainbach Inh. Alexander Hainbach-Meisterqualität macht Zukunft,Bahnstr. 67,Wuppertal,42327,Nordrhein-Westfalen,0202781168,0202784221,http://www.cw-hainbach.de,51.237926:7.069499
Cardex Autoteile und Zubehör OHG,Höhne 82,Wuppertal,42275,Nordrhein-Westfalen,0202 87097180,Main,/,51.271130:7.205024
Carglass GmbH Wuppertal (Barmen),Friedrich-Engels-Allee 336,Wuppertal,42283,Nordrhein-Westfalen,0202 558173,Main,https://standorte.carglass.de/standorte/wuppertal/friedrich-engels-allee-336.html?utm_source=directories&utm_medium=wuppertal_barmen&utm_campaign=yext_pl_traffic,51.265540:7.185868
Carsten Hotz Creative Gartengestaltung,An der Lehmbeck 20,Wuppertal,42281,Nordrhein-Westfalen,0202512580,02029765421,http://www.hotz-gartengestaltung.de,51.282172:7.189423
Carsten Sedlmeier,Hubert-Pfeiffer-Str. 8,Wuppertal,42289,Nordrhein-Westfalen,0202 3916998,0202 2980253,https://www.cs-gebaeudeservice.com/,51.265350:7.216850
Christa Hippenstiel,Goethestr. 65,Wuppertal,42327,Nordrhein-Westfalen,0202 2988819,0202 9796186,https://www.praxis-hippenstiel.de/,51.237050:7.087110
City Werbeflächen GmbH & Co. KG,Heinz-Fangman-Str. 4,Wuppertal,42287,Nordrhein-Westfalen,020225858911,/,https://city-werbeflaechen.de/,51.242971:7.192632
Compare GmbH,Aue 50,Wuppertal,42103,Nordrhein-Westfalen,0202 2572222,/,/,51.254305:7.137761
Computer Service Robin Pfeifer,Im Mittenfeld 1,Remscheid,42859,Nordrhein-Westfalen,0157 88339349,/,https://computer-service-remscheid.de/,51.166889:7.216588
Condé Immobilien,Graf-Adolf-Str. 11,Wuppertal,42119,Nordrhein-Westfalen,020251426611,020251426610,http://www.conde-immobilien.de,51.236887:7.153552
Cramer Klimatechnik Inh. Dipl.-Ing. Heinz-Herbert Scheiffarth,Ewaldstr. 40,Wuppertal,42107,Nordrhein-Westfalen,0202722054,02024459881,http://www.cramer-klimatechnik.de,51.266188:7.157823
Cronenberger Schlüsseldienst,Solinger Str. 4,Wuppertal,42349,Nordrhein-Westfalen,0202474508,0202477627,http://www.schluesseldienst-cronenberg.de,51.205553:7.128328
DR. MED. O. WÖRMER,Erbschlöer Str. 12-14,Wuppertal,42369,Nordrhein-Westfalen,0202/465001,0202/4603965,https://www.hausarzt-woermer.de/,51.226750:7.203450
Daehn Akutherm,Bergfrieden 17,Wuppertal,42285,Nordrhein-Westfalen,0202733232,0202734022,/,51.245311:7.178892
Dafir Service GmbH,Elfenhang 17,Wuppertal,42329,Nordrhein-Westfalen,01795023293,/,https://dafir-service.de/,51.218927:7.063059
Daniel von Baum Immobilien GmbH,Am Buschhäuschen 64,Wuppertal,42115,Nordrhein-Westfalen,020227226601,020227226603,/,51.258837:7.123331
Der Wein & Sekt Laden im Luisenviertel Thomas Kring,Luisenstr. 72,Wuppertal,42103,Nordrhein-Westfalen,0202 2982519,Main,http://www.weinundsektladen.de,51.257260:7.139302
Detektei Fokus,Königsberger Str. 41,Wuppertal,42277,Nordrhein-Westfalen,020285069416,/,https://www.detektei-fokus.de/,51.287852:7.223396
Die Kündigungsschutzkanzlei Fink & Partner,Kronprinzenallee 94,Wuppertal,42119,Nordrhein-Westfalen,0202716730409,/,https://www.die-kuendigungsschutzkanzlei.de/,51.247533:7.157088
Dr. Hartmut Frenzel | Betreiberpflichten auf den Punkt gebracht.,Fuhlrottstr. 15,Wuppertal,42119,Nordrhein-Westfalen,0160 2912140,Main,https://www.dr-frenzel.com,51.242110:7.154019
Dr. Jaspers & Englert, Kleintierpraxis,Cronenberger Str. 336,Wuppertal,42349,Nordrhein-Westfalen,0202403444,/,http://www.jaspers-englert.de,51.230664:7.147887
Dr. Med. Heinrich Heuer,Arrenberger Str. 20,Wuppertal,42117,Nordrhein-Westfalen,0202/453525,0202/4936883,https://www.helios-gesundheit.de/,51.250758:7.134534
Dr. med. dent. Rainer Tewes,Varresbecker Str. 38,Wuppertal,42115,Nordrhein-Westfalen,0202/7122627,0202/7160529,http://www.dr-tewes.de,51.247599:7.104379
Druck-Agenten.de,Bornberg 25,Wuppertal,42109,Nordrhein-Westfalen,0202 6679103,Main,https://www.druck-agenten.de,51.273500:7.152103
Drucksachen-Cafe,Mühle 17 A,Wuppertal,42369,/,020229999333,/,http://www.drucksachen-cafe.de,51.215357:7.200824
ERGO Versicherung Florian Jersch,Unionstraße 13A,Wuppertal,42285,Nordrhein-Westfalen,+49 173 2449164,/,https://florian-jersch.ergo.de,51.261100:7.176054
Elektro Halbach,Friedenshort 4,Wuppertal,42369,/,0202 464041,0202 464043Main Fax,http://www.elektrohalbach.de,51.228570:7.202642
Elektro Halbach Heinz Halbach GmbH & Co.KG,Friedenshort 4,Wuppertal,42369,Nordrhein-Westfalen,0202464041,0202464043,http://www.elektrohalbach.de,51.228514:7.202958
Elektrotechnik Schüssler,Echoer Str. 25,Wuppertal,42369,Nordrhein-Westfalen,02022437440,/,http://www.elektro-team.de/,51.219915:7.198963
FERCHAU GmbH,Friedrich-Engels-Allee 20,Wuppertal,42103,Nordrhein-Westfalen,0202 478390,Main,https://www.ferchau.com/de/de/ueber-uns/niederlassungen/wuppertal,51.256090:7.161305
FLEXBlitzPro Corporation,Elsternstr. 22,Wuppertal,42281,Nordrhein-Westfalen,01712022351,/,https://www.flex-blitz.de/,51.277295:7.198518
Fahrschule FahrPoint,Friedrich-Engels-Allee 50,Wuppertal,42285,Nordrhein-Westfalen,020272544676,020272544674,http://www.fahrpoint.de,51.257248:7.16458
Fahrschule Rettig GmbH,Alte Freiheit 16 +18,Wuppertal,42103,Nordrhein-Westfalen,0202 27229983,/,https://www.fahrschule-rettig.de,51.256727:7.148062
Financial Partner Versicherungsmakler GmbH,Elberfelder Straße 87-89,Wuppertal,42285,Nordrhein-Westfalen,0202 496770,0202 451286Main Fax,/,51.259460:7.171211
Fliesen - Platten - Mosaikleger Valerio Scaglione,Am Diek 20,Wuppertal,42277,Nordrhein-Westfalen,02028982611,/,http://www.fliesenlegerwuppertal.de,51.285102:7.221102
ForumFinanz Vermögensberatungs- und Vermittlungs-AG,Schloßbleiche 30,Wuppertal,42103,Nordrhein-Westfalen,020226153110,020226153112,/,51.255721:7.146505
Fries Gmbh,Kratzkopfstr. 20,Wuppertal,42369,Nordrhein-Westfalen,02026128881,/,/,51.22624:7.20765
GHG Gesellschaft für Haus- und Grundbesitz mbH,Alleestr. 13 19,Remscheid,42853,Nordrhein-Westfalen,021915681730,021915681799,https://www.ghg-wtal.de/,51.180068:7.192927
GK-Logistik Internationale Spedition GmbH,Unionstr. 20 - 22,Wuppertal,42285,Nordrhein-Westfalen,02027477010,0202899755,/,51.25994:7.17445
GROBA Bauaustrocknungs GmbH,Buchenhofener Str. 21,Wuppertal,42329,Nordrhein-Westfalen,02022701230,02022701231,http://www.groba-online.com,51.23429:7.090719
Gebäudenreinigung Ibishi,Albrechtstr. 19,Wuppertal,42105,Nordrhein-Westfalen,01731660713,/,http://www.gebäudereinigung-ibishi.de,51.261464:7.146384
Gebäudereinigung Peskelidis,Jesinghausen 11,Wuppertal,42389,/,020276977837,/,https://www.gr-peskelidis.de/,51.283821:7.256267
Gelbrich Gartengestaltung,Ringkotten 11,Wuppertal,42349,Nordrhein-Westfalen,0202472264,/,https://www.gelbrich-garten.de/,51.205571:7.138824
Grabmale Lehmann GmbH,Ehrenhainstr. 24,Wuppertal,42329,Nordrhein-Westfalen,0202781971,/,https://www.lehmann-vosberg.de,51.229167:7.074213
Gregor Rasch GmbH,Auf der Bleiche 16,Wuppertal,42289,Nordrhein-Westfalen,0202465050,/,http://www.gregor-rasch.de,51.272803:7.224711
Grotebrune Immobilien Elisabeth u. Bernd Grotebrune GbR,Schloßbleiche 20,Wuppertal,42103,Nordrhein-Westfalen,02025119544,02025119543,http://www.grotebrune-immobilien.de,51.255852:7.147382
HA Ingenieure für Baustatik, Bauphysik und Brandschutz,Schönebecker Str. 145 a,Wuppertal,42283,Nordrhein-Westfalen,017621868802,/,https://www.ha-ingenieure.de,51.273886:7.179462
HBD-Hausverwaltung e.K.,Fröbelstr. 15,Wuppertal,42117,Nordrhein-Westfalen,02025149045,02025149047,/,51.248313:7.126706
HNO-Praxis Dr. Schütte & Gehring,Gräfrather Str. 6,Wuppertal,42329,Nordrhein-Westfalen,0202/785033,0202/785034,http://www.hno-vohwinkel.de/,51.230343:7.069395
Heilpädagogische Praxis Monika Finkenrath,Klingelholl 55,Wuppertal,42281,Nordrhein-Westfalen,02022503534,/,http://www.heilpaedagogik-finkenrath.de,51.281374:7.197336
Helmut Schröder GmbH,Hahnenfurth 16 a,Wuppertal,42327,Nordrhein-Westfalen,02022460160,02022460169,/,51.248993:7.039399
Hilfetelefon Gewalt gegen Frauen,/,Wuppertal,42103,Nordrhein-Westfalen,08000116016,/,http://www.hilfetelefon.de,51.254071:7.147789
Hirsch Apotheke,Kipdorf 66,Wuppertal,42103,Nordrhein-Westfalen,0202446216,02022442604,http://www.hirsch-apotheke-elberfeld.de,51.258531:7.152705
Hirsch Apotheke,Marktstr. 22,Wuppertal,42369,Nordrhein-Westfalen,0202 464935,0202 4690454Main Fax,/,51.227040:7.197228
Home Instead Seniorenbetreuung Wuppertal,Heinz-Fangman-Str. 2,Wuppertal,42287,Nordrhein-Westfalen,020231733770,020231733769,https://www.homeinstead.de/wuppertal/,51.242971:7.192632
Hotel Restaurant Neue Welt,Neue Welt 1,Wuppertal,42279,Nordrhein-Westfalen,0202660530,0202667060,http://www.hotel-neue-welt.de,51.290771:7.240953
Hundepflege Rosenbaum,SUDHOFFSTR. 70,Wuppertal,42283,Nordrhein-Westfalen,0202/81186,/,https://handtrimming.de/,51.276315:7.178320
Immobilienverwaltung Bietenbeck,Heinz-Fangman-Str. 2 - 4,Wuppertal,42287,Nordrhein-Westfalen,020228328335,020228333143,https://www.iv-bietenbeck.de,51.242971:7.192632
Ing. Schlingheider,Vohwinkeler Str. 160,Wuppertal,42329,Nordrhein-Westfalen,02022701510,02022701511,http://www.ib-schlingheider.de,51.224592:7.05642
Ingenieurbüro Christian Berg (GTÜ Prüfstelle),Uellendahler Str. 507,Wuppertal,42109,Nordrhein-Westfalen,02022814626,02022814647,http://www.ib-berg.de/,51.281869:7.170885
Inkassohilfe GbR,Hansemannstr. 71,Neuss,41401,Nordrhein-Westfalen,02131-6641289,/,https://inkassohilfe.de,51.160563:6.769751
J&B Umzüge und Transporte,Alhausstr. 19,Wuppertal,42281,Nordrhein-Westfalen,015758440301,/,/,51.291166:7.185676
J&K Fliesen,Cronenberger Str. 64,Wuppertal,42119,Nordrhein-Westfalen,015214923146,/,https://www.jk-fliesen.de,51.242848:7.143674
JJAGARTEN & Landscaping,Tannenbergstr. 57,Wuppertal,42103,Nordrhein-Westfalen,01634303378,/,https://www.jjagarten.com.de,51.250806:7.137661
Jacqueline Döhring Physiotherapie Müggenburg,Müggenburg 44,Wuppertal,42277,Nordrhein-Westfalen,0202520724,02022606731,https://www.physiotherapie-mueggenburg.de,51.286444:7.209952
Jacqueline Wallraff-Groß Siebdruck & Service,Holthauser Str. 14,Wuppertal,42369,Nordrhein-Westfalen,02024592602,02028982188,http://www.wallraff-siebdruck-wuppertal.de/,51.227785:7.186868
Jan-ufaktur,Nüller Str. 98,Wuppertal,42115,Nordrhein-Westfalen,015255174806,/,http://www.jan-ufaktur.de,51.262947:7.12448
Juwelengrube,Friedrich-Ebert-Str. 34,Wuppertal,42103,Nordrhein-Westfalen,02022657988,/,http://www.goldprofi.de,51.255707:7.138307
Jörg Bolle,Friedrich Engels Allee 322,Wuppertal,42283,Nordrhein-Westfalen,0202 29789250,0202 29789251,https://www.bolle-rechtsanwaelte.de,51.265174:7.184728
KB Facilityservice,Hahnerberger Str. 259,Wuppertal,42349,Nordrhein-Westfalen,0176 84698060,/,http://kbfacilityservice.de,51.217017:7.150395
KHSFotographie,Hombüchel 86,Wuppertal,42105,Nordrhein-Westfalen,02025199621,02025199618,https://khsfotographie.de,51.25823:7.137725
KHSFotogrpahie Inh. Karl-Heinz Schultze,Hombüchel 86,Wuppertal,42105,Nordrhein-Westfalen,0202 5199621,Main,https://khsfotographie.de,51.258220:7.137743
Kanzlei Klein & Kollegen,Werlestr. 38,Wuppertal,42289,Nordrhein-Westfalen,0202262640,020263408,http://www.wuppertalrecht.de,51.270399:7.221995
Karl Runte Antiquitäten Restauration,Wikingerstr. 1,Wuppertal,42275,Nordrhein-Westfalen,0202664242,0202664242,http://www.antiquitäten-wuppertal.de,51.274678:7.213244
Katec Karosserietechnik Oliver von Eynern,Wittener Str. 25,Wuppertal,42277,Nordrhein-Westfalen,0202665550,02022642286,http://www.katec-karosserietechnik.de/,51.30525:7.251636
Kauert Arnd Zahnarzt,Falkenberg 57 A,Wuppertal,42113,Nordrhein-Westfalen,0202 9782319,0202 9782318,http://www.praxis-kauert.de,51.26567:7.10983
Kfz Sachverständiger Dogan Öztürk,Wichlinghauser Str. 55,Wuppertal,42277,Nordrhein-Westfalen,020244871334,/,http://kfz-ozturk.com,51.279458:7.218429
Kindel Verkehrs - und Werbetechnik GmbH,Hölker Feld 24 a,Wuppertal,42279,Nordrhein-Westfalen,02026294223,02026294225,/,51.292561:7.255655
Kineke - Gottschalk Rechtsanwalt und Steuerberater,Marienstr. 27,Wuppertal,42105,Nordrhein-Westfalen,0202 281380,0202 2813820,http://www.kineke-gottschalk.de,51.259796:7.137835
Kirschbaum Bestattungen Inh. Christian Deimel,Marienstr. 82,Wuppertal,42105,Nordrhein-Westfalen,020280642,/,/,51.258224:7.134607
Kochstube,Vohwinkeler Str. 41,Wuppertal,42329,Nordrhein-Westfalen,0202730966,/,http://www.kochstube-catering.de/,51.229809:7.066295
Krankenpflege zu Hause Renate Hedderich GmbH,Am Stadtbahnhof 18,Wuppertal,42369,Nordrhein-Westfalen,0202246960,02022469630,/,51.225526:7.200641
Kukielka + Grüderich GbR,Schönebecker Str. 79,Wuppertal,42283,Nordrhein-Westfalen,02029786003,/,/,51.27541:7.180207
Kunsthandel Günther,Sadowastraße 19,Wuppertal,42115,Nordrhein-Westfalen,0202/70534000,/,https://ankauf-antiquitaeten.net/wuppertal.html,51.25474:7.129709
Körperformen Wuppertal - EMS Training,Besenbruchstr. 1,Wuppertal,42285,Nordrhein-Westfalen,020252745724,/,https://www.körperformen.com/studios/ems-training-wuppertal/,51.261837:7.174343
LVM-Servicebüro Volker Oehl,Kniprodestr. 26,Wuppertal,42369,/,0202501316,0202509638,http://www.oehl.lvm.de,51.229116:7.198897
La Bonne Baguette Baguetterie,Haspeler Str. 30,Wuppertal,42285,Nordrhein-Westfalen,0160 1574940,/,https://la-bone-baguette-das-esszimmer.eatbu.com/?lang=de,51.258464:7.165852
Lachs-Räucherei Wortberg e. K., Inh. Tomasz Horozaniecki,Schmiedestr. 57,Wuppertal,42279,Nordrhein-Westfalen,02022641166,02022641167,http://www.lachs.info,51.31177:7.249224
Lacktechnik AKA,Dahler Str. 22,Wuppertal,42389,Nordrhein-Westfalen,020239306714,020239306715,http://11880.com,51.278054:7.237302
Löwenstark Transport,Roßkamper Str. 45,Wuppertal,42329,Nordrhein-Westfalen,0176 27770454,/,http://www.loewen-transport.de,51.220586:7.07777
MAREDO Steakhouse Wuppertal,Neumarkt 10,Wuppertal,42103,Nordrhein-Westfalen,0202 443477,/,https://www.maredo.com/steakhaeuser/Wuppertal/,51.259257:7.146170
MK-Transporte Marko Kreys,Jesinghauser Str. 5 b,Wuppertal,42389,Nordrhein-Westfalen,0202 51564910,0202 515649190,https://www.mk-transporte-wuppertal.de,51.281125:7.244774
Magiera Metzgerei Konrad Magiera & Sohn Inh. Mario Magiera,Westkotter Str. 114 -116,Wuppertal,42277,Nordrhein-Westfalen,0202250740,0202508907,https://metzgerei-magiera.de,51.281291:7.206684
Malerbetrieb Roland Kilian,Rödiger Str. 120,Wuppertal,42283,Nordrhein-Westfalen,0202 604747,/,/,51.27576:7.184875
Malermeister Böhle,Schwelmer Str. 132,Wuppertal,42389,Nordrhein-Westfalen,020289830070,020289830071,http://www.besser-bunt.de,51.276316:7.260404
Malermeister Frank Bergkemper,Ludwig-Richter-Str. 7,Wuppertal,42329,Nordrhein-Westfalen,01789217619,/,https://www.malermeister-bergkemper.de,51.227752:7.062483
Malte Reiter Fotografie,Am Deckershäuschen 69 , ehemalige Matthäus-Kirche,Wuppertal,42111,Nordrhein-Westfalen,0202/70922990,/,https://www.malte-reiter.de/,51.285000:7.165969
MediaMarkt,Friedrich-Engels-Allee 34,Wuppertal,42103,Nordrhein-Westfalen,0202 26540,0202 2654129Main Fax,https://www.mediamarkt.de/markt/wuppertal?utm_source=google%20places&utm_medium=seo-places%20link&utm_term=Media%20Markt%20Wuppertal%20StoreId%20568,51.256480:7.163603
Michael Ortmeier Sanitär + Heizungstechnik,Gerstenstraße 4,Wuppertal,42119,Nordrhein-Westfalen,0202 424912,0202 431909Main Fax,http://www.heizung-ortmeier.de,51.251610:7.149459
Michael Rellmann,Laurentiusstr. 9,Wuppertal,42103,Nordrhein-Westfalen,0202 31773077,Main,http://www.rechtsanwalt-rellmann.de,51.256520:7.140312
Michael Schweda Gebäudesanierung,Lilienstr. 10 A,Wuppertal,42369,Nordrhein-Westfalen,02022709219,/,http://www.schweda-sanierung.de,51.225061:7.198073
Michael Sladek Motorradtechnik,Kohlfurther Brücke 54,Wuppertal,42349,Nordrhein-Westfalen,02022472424,/,http://msm-motorrad.de,51.191836:7.110217
Mobile Fotografie Wuppertal,Braunschweigstr. 32,Wuppertal,42389,Nordrhein-Westfalen,01728502415,/,https://www.mobile-fotografie-wuppertal.de/,51.274556:7.235011
Moto-K,Dieselstr. 3,Wuppertal,42389,Nordrhein-Westfalen,0202592004,/,http://www.moto-k.de,51.278626:7.267687
Musikhaus Landsiedel-Becker,Werther Hof 13,Wuppertal,42275,Nordrhein-Westfalen,0202592157,0202596730,http://www.landsiedel-becker.de,51.271013:7.202311
Männing hören-sehen-erleben GmbH,Kaiserstr. 60,Wuppertal,42329,Nordrhein-Westfalen,0202 785606,Main,/,51.232990:7.074577
Nagelstudio NailShop Nagelneu Dilek Sieper,Werlestr. 18,Wuppertal,42289,Nordrhein-Westfalen,02022622888,/,http://www.nailshopnagelneu.de,51.272098:7.222512
Nagelstudio Princess Nails,Berghauser Str. 56,Wuppertal,42349,Nordrhein-Westfalen,01777895413,/,https://www.facebook.com/Princessnailsx3-112747233769012/,51.199577:7.130206
OVB Direktion Thomas Kunz,Friedrich-Ebert-Str. 153,Wuppertal,42117,Nordrhein-Westfalen,02022655506,020251562529,http://www.kunz.ovb.de,51.249714:7.126034
Oertel Immobilien,Heckinghauser Str. 63,Wuppertal,42289,Nordrhein-Westfalen,020294694900,/,http://www.oertelimmobilien.de,51.271391:7.21041
Optik-Hörgeräte-Sager GmbH,Schöne Gasse 3,Wuppertal,42103,Nordrhein-Westfalen,0202467491,/,https://sager-akustik.de,51.257373:7.148
PB Immobilien GmbH,Küllenhahner Str. 9,Wuppertal,42349,Nordrhein-Westfalen,02024690077,02024690078,http://www.pb-immo.de/,51.228567:7.149227
PCDoktor / IT-Service,Agnes-Miegel-Str. 11,Wuppertal,42279,/,01794508874,/,https://pcdoktor-wuppertal.de,51.292734:7.217615
Paff Ingenieurbüro KFZ-Sachverständiger,Heinz-Fangman-Str. 2,Wuppertal,42287,Nordrhein-Westfalen,0202403636,020240768,https://paff.com,51.242971:7.192632
Pakin Transport,Waisenstr. 51,Wuppertal,42281,Nordrhein-Westfalen,01629131430,/,/,51.283849:7.207229
Parkett Schulz,Sonnborner Str. 15,Wuppertal,42327,Nordrhein-Westfalen,02024299655,02024299654,https://www.parkettschulz.de,51.238573:7.102123
Peri Services GmbH,Leipziger Str. 61,Wuppertal,42109,Nordrhein-Westfalen,020287053150,020287053170,http://www.peri-services.de,51.278796:7.152658
Peter Reinhardt Elektrotechnik,Küllenhahner Str. 38,Wuppertal,42349,Nordrhein-Westfalen,020261276977,020261276980,http://www.etechnik-reinhardt.de,51.230158:7.147831
Petra Ueberlacker Immobilien,Katernberger Str. 60,Wuppertal,42115,Nordrhein-Westfalen,0202976330,02029763333,http://www.pu-immobilien.de,51.258855:7.126943
Pflegeberatung Squarr,Obere Sehlhofstr. 40,Wuppertal,42289,/,020225482161,020225482165,http://www.pflegeberatung-squarr.de,51.26806:7.211174
Philip Tedros Transporte,Siegfriedstr. 46,Wuppertal,42117,Nordrhein-Westfalen,01739505383,/,https://www.dein-stuhl.de,51.242902:7.106883
Platzhoff Bedachungen GmbH,Grünewald 28,Wuppertal,42327,Nordrhein-Westfalen,0202782504,0202784923,http://www.platzhoff-bedachungen.de,51.244185:7.074369
Polat-Sat,Berliner Str. 61,Wuppertal,42275,Nordrhein-Westfalen,0202 29533230,0202 6986818,http://www.polat-sat.de,51.274398:7.211996
Praxis Dipl.-Med. Léonce S. Alohoutadé, Facharzt Für Allgemeinmedizin,Sonntagstr. 37,Wuppertal,42275,Nordrhein-Westfalen,0202 662354,0202 640629,http://www.allgemeinmediziner-alohoutade.de,51.277187:7.217096
Praxis Stufen im Leben,Hausfeld 39,Wuppertal,42399,/,020227097496,/,http://www.stufen-im-leben.de,51.244897:7.290382
Pretty Woman,Aue 18,Wuppertal,42103,Nordrhein-Westfalen,0202/316703,0202/303567,https://pretty-woman-brautmode.de/,51.254982:7.140213
PrevHelp,Edith-Stein-Str. 52,Wuppertal,42329,Nordrhein-Westfalen,020289837565,/,https://www.prevhelp.de,51.229412:7.070537
Professionelle Fotografie,Nüller Str. 56,Wuppertal,42115,Nordrhein-Westfalen,020288082,020288093,http://www.peter-frese.de,51.263704:7.126855
RKS Rohr und Kanal Technik GmbH,Haßlinghauser Str. 156,Wuppertal,42279,Nordrhein-Westfalen,020276992044,020276958688,/,51.309263:7.249518
Reinhard Bartsch Pflegedienst,Westkotter Str. 29 a,Wuppertal,42275,Nordrhein-Westfalen,0202552511,/,http://www.pflegedienst-bartsch.de,51.2761:7.202683
Rep2Go,Christbusch 25,Wuppertal,42285,Nordrhein-Westfalen,+49 800 5225397,/,https://www.rep2go.com/,51.256980:7.171927
Rüb Tischlerei,Dickestr. 23,Wuppertal,42369,Nordrhein-Westfalen,02022443564,02022443565,http://www.rueb-tischlerei.de,51.226678:7.209622
SATURN,Neumarkt 1,Wuppertal,42103,Nordrhein-Westfalen,0202 24980,0202 2498101Main Fax,/,51.258820:7.147249
SBS GmbH Wiederbeschaffung alter Fliesen,Wartburgstr. 21,Wuppertal,42285,Nordrhein-Westfalen,0202/700373,0202/7052217,/,51.265063:7.180435
SIGNAL IDUNA Versicherung Koray Karaosman,Wittensteinstr. 114,Wuppertal,42285,Nordrhein-Westfalen,0202 2951959,0202 2951961Main Mobile Fax,https://www.signal-iduna-agentur.de/koray.karaosman,51.261610:7.176525
Salon Ana,Ostersbaum 53,Wuppertal,42107,Nordrhein-Westfalen,0202451564,/,http://www.salon-ana.de,51.265448:7.158635
ScanMos Imaging GmbH,Vohwinkeler Str. 36,Wuppertal,42329,Nordrhein-Westfalen,0202629395842,02022790591,/,51.229611:7.065069
Schatztruhe GmbH & Co. KG Juwelier Goldankauf Uhren + Schmuck,Brenschederstr. 41,Bochum,44799,Nordrhein-Westfalen,0234/76680,022734067074,https://www.goldgegenbar.de/goldankauf-bochum/,51.453091:7.232931
Scolino Nachhilfe & Schülerbetreuung, Marco Capra,Rommelspütt 9,Wuppertal,42105,Nordrhein-Westfalen,020242928533,/,http://www.scolino.com/,51.25959:7.14726
Sebastian Paschaloudis Allianz Versicherung,Uellendahler Str. 434,Wuppertal,42109,Nordrhein-Westfalen,0202707004,/,https://vertretung.allianz.de/agentur.paschaloudis/,51.279615:7.166538
Seelenbeziehung,Rheinstr. 66,Wuppertal,42117,Nordrhein-Westfalen,0202720864,/,https://www.seelenbeziehung.de,51.245368:7.138669
Slawek Puwalski Versicherungsmakler,Vohwinkeler Str. 58,Wuppertal,42329,Nordrhein-Westfalen,0202/37220940,0202/37220888,http://www.slawekpuwalski.com,51.228760:7.062824
Smart Key Solutions GmbH,Nächstebrecker Busch 25,Wuppertal,42279,Nordrhein-Westfalen,020272575314,/,/,51.30235:7.231742
Sound Storm Studio Konstantin Kutepov,Feuerstr. 14,Wuppertal,42289,Nordrhein-Westfalen,0179 9061156,/,http://sound-storm.org/,51.271580:7.217388
Spanferkelbraterei Schwarz ehemals Leske,Kohlstr. 153,Wuppertal,42109,Nordrhein-Westfalen,0202752134,02027560500,http://www.lecker-ferkel.de/,51.281935:7.149876
Spunk Schankwirtschaft,FLENSBURGER STR. 38,Wuppertal,42107,Nordrhein-Westfalen,0202/455527,0202/453350,http://www.spunk-wuppertal.de,51.264179:7.149156
St. Remigiushaus Alten- und Pflegeheim der katholischen Kirchengemeinde St. Remigius,Garterlaie 29,Wuppertal,42327,Nordrhein-Westfalen,020227490,02022749167,http://www.remigiushaus.de,51.239571:7.098351
Steinberg Schränke nach Maß,Deutscher Ring 67,Wuppertal,42327,Nordrhein-Westfalen,0202740102,0202744774,https://schraenke-nach-mass-steinberg.de/,51.246976:7.094475
Steuerberater Rainer Jentzsch + Stephan Langsdorf GbR,Döppersberg 19,Wuppertal,42103,Nordrhein-Westfalen,0202245450,02022454520,http://www.je-la.de,51.255345:7.152559
Studienkreis Nachhilfe Wuppertal-Barmen,Alter Markt 5-7, Hinter Der Pinguin-apotheke,Wuppertal,42275,Nordrhein-Westfalen,+49 202 591766,/,https://www.studienkreis.de/nachhilfe-wuppertal/barmen/,51.270590:7.196748
Studienkreis Nachhilfe Wuppertal-Elberfeld,Alte Freiheit 22 , gegenüber City-Arkaden,Wuppertal,42103,Nordrhein-Westfalen,+49 202 440499,/,https://www.studienkreis.de/nachhilfe-wuppertal/elberfeld/,51.256300:7.148385
Studienkreis Nachhilfe Wuppertal-Ronsdorf,Ascheweg 11 , gegenüber Rossmann,Wuppertal,42369,Nordrhein-Westfalen,+49 202 6983904,/,https://www.studienkreis.de/nachhilfe-wuppertal/ronsdorf/,51.227250:7.201291
Studienkreis Nachhilfe Wuppertal-Vohwinkel,Kaiserstraße 20,Wuppertal,42329,Nordrhein-Westfalen,+49 202 7388990,/,https://www.studienkreis.de/nachhilfe-wuppertal/vohwinkel/,51.231630:7.071734
Super Cut,Alte Freiheit 9 , City-Arkaden, 1. Etage,Wuppertal,42103,Nordrhein-Westfalen,0202 2831084,Main,http://www.supercut.de,51.256710:7.148608
TREND Service GmbH,In der Fleute 100,Wuppertal,42389,Nordrhein-Westfalen,+49 202 2515300,+49 202 2515305,http://www.trend-service.de,51.277990:7.256420
TRG-Vertrieb Wuppertal,Schwesterstraße 64,Wuppertal,42285,Nordrhein-Westfalen,0178 9195435,Main,https://www.markzelte-trg-vertrieb.de/,51.270140:7.156971
Tamm GmbH Entsorgungsfachbetrieb,Gasstraße 11,Wuppertal,42369,/,0202 4698372,0202 4660393Main Fax,https://www.tamm-gmbh.com,51.224770:7.214094
Taxi - Zentrale - Wuppertal,Bornberg 44,Wuppertal,42109,Nordrhein-Westfalen,0202275454,020227545106,http://www.taxi-wuppertal.de,51.273799:7.153671
Teiba Umzüge & Transporte,Springer Str. 25,Wuppertal,42287,Nordrhein-Westfalen,01727530000,/,/,51.264313:7.192088
Thiele Ralf Frauenarzt,Kaiser-Wilhelm-Allee 2,Wuppertal,42117,Nordrhein-Westfalen,0202/743266,0202/4296246,http://www.frauenarzt-thiele.de,51.240979:7.105382
Thomas Engels und Florian Engels GbR,Mühle 4,Wuppertal,42369,Nordrhein-Westfalen,02029745711,02029745712,http://www.tischler-engels.de,51.216429:7.205017
Thomas Kramer IMMOBILIEN,Westfalenweg 269,Wuppertal,42111,Nordrhein-Westfalen,020227276299,020227276388,http://www.thomaskramer-immobilien.de,51.287051:7.156395
Thorsten Dittrich smartgarage,Stockmannsmühle 8,Wuppertal,42115,Nordrhein-Westfalen,020251540222,020251540223,https://www.smartgarage.de,51.246923:7.10616
Tim Schubert Dachdeckermeister,Konradshöhe 21,Wuppertal,42289,Nordrhein-Westfalen,0202628133,/,https://www.dachdeckermeister-schubert.de,51.254681:7.218436
Tischlerei Holzig OHG,Derken 3,Wuppertal,42327,Nordrhein-Westfalen,020294677911,02024957217,/,51.226467:7.047676
Toellner GBR,Hahnerberger Str. 246,Wuppertal,42349,Nordrhein-Westfalen,020251986625,020251986623,http://www.hausgeraete-wuppertal.de,51.217223:7.149825
Tripada - Akademie Für Gesundheit und Yoga,Hofaue 63,Wuppertal,42103,Nordrhein-Westfalen,0202/9798540,0202/9798541,https://www.tripada.de/,51.257657:7.151677
UMTL Sercice Umzug-Montage-Transport-Logistik,Rott 39,Wuppertal,42283,Nordrhein-Westfalen,0157 89 616 114,/,https://umtl-service.de,51.272106:7.185295
Ulrich Lauterbach Dachdeckermeister,Zur Kohleiche 63,Wuppertal,42113,Nordrhein-Westfalen,0202722852,0202721375,http://www.dach-lauterbach.de,51.273809:7.083283
Umzugsdienst Michel,Talsperrenstr. 26 A,Wuppertal,42369,Nordrhein-Westfalen,0163 6246254,/,http://www.umzug-michel.de/,51.223478:7.196633
Umzüge BergischLand H. + R. UG (Haftungsbeschränkt),Schwelmer Str. 149 C,Remscheid,42897,Nordrhein-Westfalen,02191 5606109,/,/,51.207533:7.275866
Umzüge Ronsdorf,Zur Dörner Brücke 44,Wuppertal,42283,Nordrhein-Westfalen,021915606109,/,/,51.270981:7.190128
Ursula Vollmer GmbH | Weberei - Stickerei - Textildruck,Wilhelm-Muthmann-Str. 5,Wuppertal,42329,Nordrhein-Westfalen,02022641713,02022641715,/,51.224959:7.055782
VON POLL IMMOBILIEN Wuppertal,Friedrich-Ebert-Straße 38,Wuppertal,42103,Nordrhein-Westfalen,0202 2429722,Main,https://www.von-poll.com/de/location/wuppertal?utm_source=ExtNet&utm_medium=extNET,51.255630:7.138052
Versicherungsmakler Kay Liedtke e.K.,Am Knöchel 66,Wuppertal,42369,Nordrhein-Westfalen,02024958513,02024958529,/,51.236224:7.193561
Vi.on Hausverwaltungs- und Immobilien GmbH,Konradswüste 15,Wuppertal,42289,Nordrhein-Westfalen,020276983800,020276983802,/,51.255864:7.220685
WEMusik Wolfgang Eichler,Sillerstr. 22,Wuppertal,42327,Nordrhein-Westfalen,0202740789,0202740789,http://www.wemusik.de,51.245243:7.102512
WIPA Präzisions - und Metallbearbeitungs GmbH,Kratzkopfstr. 9,Wuppertal,42369,Nordrhein-Westfalen,02024660817,02024603210,http://www.wipa-formenbau.de,51.22567:7.206385
Wasserbetten Olaf Stantke,Schwelmer Str. 130,Wuppertal,42389,Nordrhein-Westfalen,0202606303,0202607563,http://www.tasso-wuppertal.de/,51.276302:7.260228
Wau-Style Der Hundesalon,Blombachstr. 17,Wuppertal,42369,Nordrhein-Westfalen,0171 9588335,Main,http://www.wau-style.de,51.227910:7.198341
Wiesemann & Theis GmbH,PORSCHESTR. 12,Wuppertal,42279,Nordrhein-Westfalen,0202 26800,0202 2680265,/,51.304940:7.254090
Wilhelm Bestattungen Kipp,Nevigeser Str. 86,Wuppertal,42113,Nordrhein-Westfalen,0202720963,02022575747,http://www.bestattungen-kipp.de,51.270833:7.125443
WingTsun-Schule Pusse,Emmastraße 11,Wuppertal,42287,Nordrhein-Westfalen,0202 6070627,Main,http://www.sicher-durch-training.de,51.263130:7.185003
Winterberg - Metall in Präzision,Jesinghauser Str. 5,Wuppertal,42389,Nordrhein-Westfalen,020237272023,020237272029,http://www.winterberg-metall.de,51.281125:7.244774
Wolf Managementberatung. Strategie- und Zielberatung.,Engelsstr. 6,Wuppertal,42283,Nordrhein-Westfalen,0202/2775000,0202/2775252,https://wolfgunther.de/,51.266520:7.190596
Wupp Service GmbH,Korzerter Str. 7,Wuppertal,42349,Nordrhein-Westfalen,020272521390,020272521389,https://wupp-service.de,51.225062:7.147872
Wuppertal Massage. Ihre 5 Sterne Behandlung,Luisenstraße 130,Wuppertal,42103,Nordrhein-Westfalen,0202 29553822,/,https://wuppertal-massage.de,51.255576:7.135221
Wuppertaler Schlüsseldienst Herbert Szigat GmbH,Friedrichstr. 41,Wuppertal,42105,Nordrhein-Westfalen,0202429790,02024297920,http://www.wuppertaler-schluesseldienst.de,51.260376:7.146504
Yaghi Metallbildner Bauelemente & Montage,Arminiusstr. 10,Wuppertal,42117,Nordrhein-Westfalen,020237190081,020237190083,http://www.yaghi.de,51.2476:7.138763
Zahnarztpraxis Paulus, Abed Pour & Partner,Spitzwegstrasse 31,Wuppertal,42329,Nordrhein-Westfalen,0202 273550,Main,http://www.zahnaerzteteam.eu/pages/wuppertal-vohwinkel/startseite.html,51.227790:7.067270
abacus Immobilien Management,Hofaue 75,Wuppertal,42103,Nordrhein-Westfalen,0202/283160,0202/2831616,/,51.257200:7.150839
abo-hilfe GbR,Hansemannstr. 71,Neuss,41468,Nordrhein-Westfalen,02131-6641288,/,https://abo-hilfe.de,51.160563:6.769751
bauso! Ossé GbR,Winchenbachstr. 16,Wuppertal,42281,Nordrhein-Westfalen,01723633803,/,https://bauso-baumpflege.de,51.281415:7.189139
e-tec Ingenieurgesellschaft für Elektrotechnik GmbH,Uellendahler Str. 477,Wuppertal,42109,Nordrhein-Westfalen,0202 270600,Main,http://www.e-tec.de/,51.281060:7.169012
flaschenbote.de,Höhne 102,Wuppertal,42275,Nordrhein-Westfalen,020229581271,/,http://www.flaschenbote.de,51.271625:7.20595
grass und partner,Siegfriedstr. 63,Wuppertal,42117,Nordrhein-Westfalen,02022742840,/,http://www.grapa.de/,51.241955:7.105639
heintze edv kommunikation GmbH - IT für Unternehmen -,Dickmannstr. 60,Wuppertal,42287,Nordrhein-Westfalen,020275889001,020275887073,http://www.heintze.de,51.262523:7.197233
innovate systems GmbH,Am Brögel 19,Wuppertal,42285,Nordrhein-Westfalen,0202 26549923,0202 26549929,/,51.266187:7.180457
tralomi.de,Badische Str. 8,Wuppertal,42389,Nordrhein-Westfalen,0202 37264806,/,http://www.tralomi.de,51.272852:7.236906
